id,x,y,
1,150890.34623688602,-3706327.3270552666,
10,131105.70054376544,-3685287.4101342116,
1003,149628.78126419612,-3704350.3698924365,
1005,138872.10119811943,-3697353.04027095,
1006,136838.3419794111,-3694722.8536900464,
1007,137105.70518622818,-3694911.9654166074,
1008,138260.73125342437,-3696316.4801610494,
1010,147282.37429318053,-3703488.112897288,
1011,148208.27141442883,-3705841.8040754,
1012,148398.72193531017,-3705971.0547606857,
1013,148533.587934909,-3705839.979797703,
1014,148613.0658735636,-3705836.937467401,
1015,148719.30155169088,-3706230.4014358395,
1016,140369.5441638647,-3695925.2252480416,
1017,144387.60301192064,-3701318.6421008976,
1018,142508.85158706576,-3698628.4002779126,
1019,142251.77252327692,-3698132.887996903,
1021,141672.40530453235,-3697005.91263642,
1022,146951.8567877145,-3702601.6670264504,
1023,147366.79110234784,-3703108.987184476,
1025,148600.14480758974,-3702639.401280878,
1026,141507.10282820175,-3694109.129782868,
1027,141897.91854827173,-3693973.181091634,
1028,146553.36517637086,-3703363.787840797,
1029,147539.26345339432,-3687053.902493609,
1030,140544.81021953,-3693657.644376823,
1031,146450.58765110417,-3703588.7431291672,
1032,141175.5610351541,-3693063.0996308285,
1033,141422.42185620955,-3697361.652959349,
1034,139754.41541714157,-3694372.766957854,
1035,139362.26142197291,-3694396.7177894404,
1036,138968.7051306758,-3694124.042534987,
1037,139040.9194312385,-3693949.8608535677,
1038,135853.57624109104,-3695301.097758344,
1039,135738.24458988744,-3695190.248477437,
1040,135658.59954699563,-3695420.7717304504,
1041,144343.30681735554,-3701821.876072298,
1042,143953.72725566954,-3701719.993619569,
1043,143764.08833197373,-3700869.409257382,
1044,144253.30763513254,-3700826.726156363,
1045,140515.29630253627,-3697652.15417002,
1046,139871.43034918813,-3697536.207381904,
1047,137995.6823699588,-3695559.3223235873,
1048,137524.8843949003,-3696031.309120069,
1049,141274.95233810926,-3694771.654865039,
1050,136589.65169900018,-3694543.441226535,
1051,136721.40213806217,-3694347.038182648,
1052,147664.54312326657,-3703692.979912786,
1053,148079.43142643134,-3702948.308355023,
1054,147955.59107072215,-3702793.120259654,
1055,147545.7358920622,-3701258.2736758427,
1056,148549.2802234761,-3701823.8286750894,
1057,146133.02030700096,-3703630.9947789474,
1058,147400.98736527862,-3686420.1782140844,
1059,144573.56113512107,-3701606.8439087,
1060,145397.06924474108,-3702514.4478117237,
1061,145151.08456328436,-3702715.483980846,
1062,143736.1066572182,-3709572.8681956707,
1063,145471.50777501139,-3702871.68221402,
1064,139694.89430981549,-3708653.4150936017,
1065,145752.40286998762,-3702924.6812013667,
1066,129395.7947183587,-3703311.4554094095,
1067,147035.23454732058,-3708381.9200837426,
1068,143768.0206860965,-3710387.5984821543,
1069,140520.2810000165,-3705353.9452657686,
1070,143086.61258250877,-3708949.661545057,
1071,151737.02956690846,-3707525.5366578195,
1072,142690.7815099837,-3708885.502948321,
1073,151675.7271028903,-3707687.578520324,
1074,151005.0367182547,-3707729.2376219514,
1075,148118.34023176058,-3708268.055258962,
1076,142250.0815052069,-3699204.7682576445,
1077,142077.6058008827,-3698559.5463446337,
1078,142358.60941357605,-3699350.3594923904,
1079,142234.67608276114,-3699434.7339130454,
1080,142625.3199031961,-3699697.5103377597,
1081,148433.16810508596,-3697588.488443447,
1082,147073.006564771,-3687477.559970196,
1083,146906.06412859497,-3686705.940855262,
1084,146985.77808007048,-3687513.3177505187,
1085,131798.47783173205,-3686443.1056600264,
1086,131445.76169536516,-3687004.761393628,
1087,131487.76149368205,-3687262.232237525,
1088,131102.1809838268,-3687125.865896313,
1089,142363.52164723453,-3694998.189798018,
1090,143782.24363409218,-3695867.4818667523,
1091,143626.89827465275,-3696004.039700136,
1092,151925.03725814784,-3690561.925635538,
1093,151519.81531658137,-3690842.2580257645,
1094,152083.91980334214,-3691339.627314638,
1095,146749.26997760558,-3709605.052741923,
1096,146758.7483403225,-3708504.7413892923,
1097,131794.2678046771,-3685565.933537941,
1098,132204.2717129044,-3685952.6685479847,
1102,132881.55223075443,-3685480.5318704406,
1104,154461.9885234063,-3709760.189411352,
1107,138772.33486295684,-3695839.0087773725,
1108,148825.4064635745,-3708139.160840942,
1109,136023.87226887041,-3688523.156579462,
1110,130880.24734587707,-3687316.6859972174,
1111,151887.47961894996,-3694969.878465717,
1112,136102.49757644793,-3688696.233878852,
1113,137133.36317853178,-3688627.3836803893,
1114,129500.87823192144,-3691901.3088918026,
1115,128446.59385742454,-3690113.8316731704,
1116,135616.35132254352,-3688794.045065857,
1117,136494.4962446128,-3688641.702489074,
1118,136446.45144416392,-3689303.513731744,
1119,130255.25526610888,-3690274.2244264157,
1120,148776.16937437654,-3705857.4998070328,
1121,128382.91066295888,-3689898.123986127,
1122,130725.98318985359,-3683054.4721564427,
1123,131238.34501113294,-3685545.82652041,
1124,146703.11928023864,-3685391.3056134987,
1125,148327.24486835723,-3702904.6266548214,
1126,148588.37942752376,-3704755.3213107223,
1127,148190.58508072284,-3704388.565143177,
1128,130820.54195601954,-3683986.8436499205,
1129,131154.36781590644,-3684097.390701672,
1130,127573.23488453023,-3691042.444343235,
1132,128750.67463530484,-3683200.605630202,
1136,143512.74160104553,-3699291.498144994,
1137,145965.1152666784,-3696547.534579972,
1138,146200.02794876284,-3696746.0621266346,
1139,146326.1769597323,-3702764.5166777037,
1140,147163.45690974445,-3703396.894544774,
1141,146927.21614265768,-3696112.7775228634,
1142,145123.70296742205,-3704930.873193988,
1143,148780.6315576178,-3702853.4248003657,
1144,150247.9027272944,-3699297.788829579,
1145,145970.72351432964,-3700353.4254767117,
2,149616.246330628,-3704932.7233479954,
3,149104.62981445497,-3702290.0368197085,
4,149473.51583926764,-3699535.012693348,
5,148867.4158340896,-3696124.7783776647,
5006,151837.34231240922,-3708870.1890347507,
5008,129477.12434388381,-3684098.081815768,
5012,146366.87541618937,-3704988.9659938836,
5014,146570.24995463455,-3705401.7498965645,
5020,144982.62996124185,-3695703.4053707076,
5024,149535.09531027568,-3706496.3540767687,
5030,148191.1560474296,-3688524.6556792487,
5040,153077.69923174693,-3709813.369789492,
5042,145558.86199960456,-3696426.9651969858,
5044,129721.15152725934,-3690834.0129102874,
5047,132539.6434943618,-3681999.605096347,
5048,130651.44453121076,-3682672.416885616,
5049,130426.57213362817,-3683179.1544111324,
5055,147576.55286987565,-3705793.0557149206,
5061,141522.7616744566,-3693772.163835859,
5068,147962.7713966618,-3688002.5161754526,
5072,140263.99385001874,-3693551.8736503995,
5076,140929.0262748807,-3693555.1510494035,
5089,132960.76753177884,-3688386.618651022,
5098,151302.3729534182,-3688971.0512228096,
5100,146682.0122670987,-3699042.1713099675,
5105,149264.8193367886,-3688733.861883766,
5107,131936.92532360347,-3684822.3251664555,
5113,146209.52322465653,-3703112.9296266595,
5120,147309.67641197817,-3701872.4032142954,
5123,146163.59105517372,-3706519.1975787845,
5128,146825.9492574166,-3685376.4927138523,
5134,130032.88906545487,-3683539.5104547744,
5135,132416.0062068467,-3681903.019653715,
5137,131709.8137634316,-3681636.4038275904,
5139,131692.99026395968,-3681678.853952072,
5140,131529.17290601484,-3681595.9948603013,
5143,139707.10855680992,-3703670.868269158,
5144,139824.0445950291,-3703769.277630927,
5149,130241.67798224358,-3684709.1079060645,
5157,127774.96757151921,-3691026.697567374,
5158,128481.08605855833,-3691017.2597995447,
5160,131997.85038998994,-3681285.0326335207,
5161,131906.04287296842,-3681250.951609209,
5164,127927.9325413503,-3689138.151839323,
5168,128700.1817695462,-3690766.1096311286,
5181,146433.0824913754,-3704743.2893966953,
5184,144820.5009499484,-3710147.6488481914,
5189,129081.37751551576,-3684392.1864718297,
5190,153743.77268509255,-3710979.530033084,
5191,129488.76598516654,-3684709.364665702,
5192,129889.81716696135,-3689158.1681908458,
5205,138929.90627469984,-3696055.213937013,
5208,132762.10677448876,-3682268.381446215,
5212,146025.43006673813,-3701197.536298267,
5214,145425.38178386266,-3695554.36533471,
5215,138954.79071182822,-3695123.700047097,
5216,139672.72828792394,-3694883.3093872964,
5220,127794.57962504918,-3683154.628553528,
5225,127902.02811333188,-3682373.918311645,
5229,142658.36563432636,-3710553.499593292,
5230,138928.3281338874,-3696054.975896974,
5231,140119.01322123889,-3696744.945757001,
5233,144303.2885486357,-3703028.091597487,
5241,137562.2839562013,-3687964.7126363125,
5246,127628.65079864525,-3680954.4119585045,
5247,127372.00478697916,-3681018.0944325184,
5256,149068.0005266143,-3706673.2800256377,
5257,146493.13304013255,-3701037.696395158,
5261,145998.19744150926,-3705147.7238617213,
5262,127515.25519432529,-3689655.110338578,
5265,143933.30733783072,-3709834.6448411574,
5268,144068.66557788648,-3710347.643445147,
5269,144359.34965409874,-3710024.209458501,
5271,145073.70032108793,-3710090.733786745,
5272,144095.26905607712,-3711112.6431002594,
5278,145665.04655944774,-3702495.2259902256,
5286,148477.30237460244,-3706100.2122754892,
5291,130633.26307357261,-3683264.093073678,
5297,141881.16569771117,-3694981.5317056845,
5298,139978.41514650334,-3706884.2575087724,
5301,138478.94848004685,-3707894.101895579,
5317,132547.97819735677,-3686920.925812688,
5323,143795.74329344998,-3702546.6425291537,
5326,148341.84755523474,-3689587.541384554,
5328,147819.75957863466,-3699365.4230317925,
5330,138883.50394279652,-3689327.160689337,
5336,136840.95265740904,-3694722.2194791185,
5337,141850.18912599093,-3697687.529158018,
5344,143708.63908926913,-3702688.031887523,
5355,146419.5843137585,-3703255.4080384653,
5371,143397.63122927048,-3710468.0415273844,
5379,153166.46547443065,-3710400.7253710832,
5381,136970.08382688696,-3704211.6158788144,
5386,137545.7456665778,-3703140.6784348525,
5390,137583.7995292563,-3702802.263712305,
5393,146960.70509006502,-3706684.010424927,
5395,147055.47048379335,-3703525.1032813797,
5399,135016.32702278972,-3703400.468209424,
5401,135671.97760408392,-3703858.853703284,
5402,136068.58744627397,-3703269.886595664,
5417,142630.25358178464,-3698579.8717969987,
5422,143947.6530012749,-3703869.68203056,
5425,142382.37724250782,-3703437.930618685,
5428,141673.14648973598,-3702053.920830101,
5442,146826.70724044487,-3686221.0766103114,
5447,141152.45687345977,-3695894.6059884904,
5450,147806.2090383685,-3704287.9546274683,
5451,147626.1828632386,-3704186.5306268637,
5452,138285.69593711494,-3707555.414864075,
5466,147254.25012147255,-3701482.588094493,
5483,141005.37354805172,-3696721.6423831196,
5495,140384.6343866043,-3696503.1553028678,
5508,147985.61133036413,-3698982.021425364,
5514,143383.7986519617,-3708322.6876021973,
5518,144152.47464195362,-3704106.312183042,
5519,128697.5941917895,-3690764.427410619,
5526,148022.10160464115,-3700277.4009965644,
5528,148130.54737156787,-3688376.331769278,
5555,149438.45329697512,-3700618.169797893,
5568,142452.28212180323,-3694762.0662395125,
5569,146617.49933889962,-3705285.0917360303,
5572,146431.59058025756,-3705194.6554385177,
5597,144651.6582005422,-3701727.155956392,
5598,144038.05355556292,-3700521.855625441,
5615,148717.078813539,-3699853.3989051552,
5616,129416.42949147853,-3688512.6522889705,
5617,141970.35255341156,-3698481.963357217,
5618,140337.47288022257,-3704315.7309884448,
5634,129635.45157541035,-3691292.4005942564,
5648,148285.8924290246,-3699499.008803284,
5687,134897.6082565297,-3690759.200252551,
5695,145409.50817375642,-3697484.3992756642,
5701,146221.32926237208,-3698521.3817147063,
5711,147376.00014766547,-3700234.5629320475,
5718,148287.64783998765,-3698712.0237144427,
5720,147848.00000879762,-3687758.607695112,
5722,146582.9846269866,-3702464.847447314,
5726,155072.040605695,-3711160.668688523,
5727,130876.18187873375,-3682053.925589976,
5732,144331.50276515682,-3696196.1550944354,
5736,151199.8480877012,-3707331.958783899,
5742,141117.19495646682,-3703781.8257987048,
5743,140801.77586158054,-3697892.7601293256,
6,145934.48105562714,-3692901.5048914254,
6001,128246.40511760765,-3691781.0543080014,
6003,144273.47768546676,-3708590.99930813,
6004,149802.69206890467,-3707895.6344128638,
6005,129594.61194735659,-3681063.746702984,
6007,149535.86391846178,-3708007.586284994,
6008,145716.40344667915,-3705047.9177680956,
6009,149222.5307736814,-3708172.0765352887,
6010,148754.1516408207,-3707988.795206954,
6011,148850.69715748835,-3706371.4362784335,
6013,148196.4859597122,-3708425.448889502,
6016,147357.10898728698,-3708238.88502346,
6017,147277.71641514727,-3708908.0236034533,
6018,147277.71641514727,-3708908.0236034533,
6019,146579.61160300262,-3704848.7225356502,
6020,143543.51191913875,-3707753.965934959,
6021,132041.6346648508,-3683773.2203032803,
6026,147067.12181929123,-3703321.6109683146,
6027,128133.16760475725,-3681236.65881709,
6032,150786.20308849617,-3688993.7312909453,
6033,153674.10780507946,-3710550.759491279,
6040,146122.90891706292,-3704089.448061816,
6041,146966.15767402865,-3699873.294776097,
6042,144709.45968540572,-3698865.995398211,
6044,132077.19220131898,-3686629.5050163628,
6045,152838.5634375209,-3688427.786837973,
6046,143736.7534471097,-3701009.6054063304,
6047,127240.43609378386,-3704194.645061723,
6050,149081.58744609228,-3694348.349258175,
6051,146846.5934631735,-3704501.9569611726,
6052,141285.5392916047,-3697029.4188125036,
6053,149888.28681479697,-3698340.0710192714,
6054,141341.0692031128,-3693877.7740332102,
6055,142540.32288309882,-3704996.6124402336,
6056,142394.15613555556,-3710070.742202253,
6057,145431.7339634239,-3701760.2416305863,
6058,148923.3650446602,-3698814.3923132396,
6059,138934.1451319224,-3704924.9419202697,
6060,136854.68703187123,-3689899.2315630876,
6061,147216.37461583468,-3702904.82595811,
6063,127089.46797996006,-3689328.4649297716,
6065,149975.94721441276,-3700363.2495279405,
6066,147127.209618507,-3700334.326585647,
6067,150418.3949699765,-3705932.042287944,
6068,147103.58116470286,-3703455.3571317205,
6071,145147.3343307424,-3710368.6588111827,
6072,145120.26590297747,-3701330.4192541763,
6073,143748.74777019167,-3700902.568421219,
6076,130674.51912211083,-3681785.9473229274,
6077,148224.97286640925,-3702247.7255618297,
6079,138478.806743384,-3696919.020786219,
6080,143103.4456061381,-3699149.898050324,
6083,136763.57294118387,-3703369.512788411,
6084,151862.8484445181,-3708943.326810813,
6086,139760.14668401008,-3696876.76395042,
6088,152651.7960494409,-3693276.325576939,
6090,135721.09382380667,-3695620.3585297544,
6092,153339.41818918183,-3711045.587670735,
6094,141429.97940699288,-3704316.7133926027,
6097,140455.5302087878,-3703959.236308394,
6098,137704.53518678265,-3703803.160246595,
6099,130333.8145407399,-3683783.3087352193,
6101,148229.89869457477,-3681555.369454987,
6102,137083.9445153195,-3702557.2459362405,
6104,147455.0043389716,-3703267.396345417,
6106,150324.956088508,-3705976.2930329116,
6107,147568.81624867395,-3701591.5368247037,
6109,148477.21463935243,-3706099.7698099194,
6110,144673.1939208881,-3709544.5681880056,
6111,146995.79172505208,-3687508.3546512453,
6113,149913.14048609155,-3700643.965784965,
6114,145963.49689425615,-3704117.3016656777,
6119,148079.13695350583,-3703913.3559938353,
6121,130402.40779602555,-3684835.7482953533,
6122,141908.56329781137,-3702145.729922342,
6124,141995.91894666347,-3705335.7195245866,
6125,144754.7405283323,-3704920.3681411017,
6127,150498.9345827615,-3698118.803915508,
6129,148480.7927116039,-3705651.0864658984,
6130,137547.07266149623,-3706738.5909946687,
6131,142448.67590995363,-3708375.2743062037,
6134,149361.3571965778,-3705114.688764675,
6137,143330.0618404335,-3693682.7000921173,
6138,130696.23351149318,-3681937.453168777,
6139,144096.62723535477,-3701445.906090075,
6141,131652.5106530888,-3686358.8933710284,
6144,145810.3281702202,-3701797.9175135135,
6145,139781.05230320597,-3696878.0979247214,
6146,139467.56017557537,-3696460.26470747,
6148,140572.64016909353,-3695915.550116861,
6149,138727.728272872,-3695913.1431871373,
6150,139602.30487531607,-3695283.3597675352,
6151,142833.19402134948,-3694340.0126865404,
6152,136058.97749455212,-3711018.0385209164,
6156,130242.40207256221,-3684711.1028386797,
6160,137544.62940653422,-3703140.7767034774,
6161,147220.5480504242,-3707942.875298815,
6162,142349.84689469787,-3699020.891912226,
6163,149657.0492659951,-3705569.994912939,
6164,130385.0095806381,-3685415.807035534,
6165,144151.08969259544,-3704105.5238971515,
6168,146275.41828405895,-3705281.1436523986,
6171,142453.81862005588,-3708248.2058197707,
6172,143383.95573615946,-3708325.2274902603,
6177,139785.183506781,-3705828.982041683,
6178,140889.7728182218,-3695902.7274801238,
6179,149822.37285119246,-3690590.9407211947,
6180,147954.0540043784,-3691051.7239840357,
6181,148526.44325858756,-3700367.840180422,
6182,147907.78805656225,-3690063.8480878924,
6183,148763.0132664098,-3690826.7875299873,
6184,128847.95601558061,-3691531.0188751146,
6186,148439.59279431248,-3697579.732854001,
6188,136990.86015258668,-3696446.1075962074,
6191,149175.5785367739,-3690161.3648415846,
6192,147622.28164930947,-3688830.489552559,
6193,144510.18843886015,-3704853.680749522,
6194,153224.1200091306,-3684330.820021317,
6202,147568.4992251747,-3705111.3698157677,
6204,146936.20485781677,-3700854.7402514243,
6208,152379.51798154454,-3690930.7066686824,
6211,144121.96915793963,-3704624.014597223,
6212,144367.9233133175,-3704290.3111128816,
6213,147161.3832351256,-3703399.408943936,
6214,131196.78915286146,-3683107.3563996684,
6215,148323.0207121568,-3700347.1392050795,
6217,147153.41774589795,-3697944.8099447666,
6223,142631.1339919397,-3710786.354293598,
6226,147326.27322089288,-3696741.1973711974,
6229,132045.84020783968,-3683798.4397808723,
6230,149151.2128326898,-3703862.009150055,
6232,129877.41863597021,-3689133.310717092,
6233,142422.50930796732,-3699595.7834911887,
6234,131067.40847840323,-3685959.331642915,
6237,146560.87092860698,-3703574.896070192,
6240,133799.86337103456,-3688442.9024162004,
6241,136437.911386356,-3688807.9196595075,
6243,137408.25313748975,-3706053.8638518522,
6244,145568.91630866067,-3700285.455644777,
6246,135080.94650662344,-3703161.6616760762,
6247,144154.44716583227,-3704104.4583885144,
6248,145998.1707386528,-3701167.421929906,
6250,145258.90267749917,-3696914.1955565936,
6253,128883.83565384721,-3684507.224742051,
6256,137686.15733479982,-3688811.780072121,
6257,144420.64366080193,-3701943.7225715118,
6258,145075.92426325058,-3698012.187113029,
6261,130099.63821088878,-3685201.988511512,
6262,141105.60886502182,-3692226.840534535,
6263,146129.04228969812,-3700497.3002506043,
6266,148689.13687905055,-3706259.403484421,
6274,153970.94171833398,-3709886.3080800916,
6281,147336.25507499144,-3699902.750919337,
6282,147793.0643352358,-3701099.2331070565,
6284,139596.36861432932,-3695307.3593186913,
6285,140137.97323926585,-3695288.0455608345,
6286,139602.25755288207,-3695287.6644206606,
6290,146737.4782724627,-3689217.154718112,
6291,142332.05773945418,-3695042.545122077,
6294,127849.08774747248,-3685138.1849026643,
6298,138581.67664419292,-3696515.3616424087,
6299,148510.9786830555,-3700370.7497688085,
6307,151623.20944572255,-3708987.911553722,
6308,151347.830484081,-3708493.443529058,
6311,141211.19745541943,-3705129.967425826,
6312,133794.9593545551,-3688069.230269807,
6314,141787.04804201826,-3701974.732723013,
6315,127523.59986437438,-3690399.305504144,
6316,146765.86416699522,-3703608.1678057234,
6317,144798.6104231412,-3700740.662098377,
6321,145208.88603180327,-3701765.526528428,
6322,144029.58590101957,-3700448.91203333,
6323,144619.9220694991,-3700792.708391167,
6326,129900.27696370741,-3685040.06660899,
6329,148437.89035101692,-3691185.1034346516,
6330,152329.0271947712,-3688414.9327659532,
6331,142986.36152771354,-3710591.2899618247,
6334,131937.18222611907,-3684851.3675578814,
6336,142453.20576460808,-3694762.628554762,
6337,149340.96399026358,-3705063.1300756196,
6338,130820.82114275433,-3683986.8465234884,
6339,131048.71361168678,-3681047.4017458023,
6341,146902.95167581245,-3705091.948785356,
6343,132187.28865204775,-3702513.1370432624,
6345,149625.4333069802,-3707147.7577669085,
6346,142953.34573154474,-3709103.4224030664,
6347,148207.9057049358,-3706541.2578321523,
6348,146623.0012121277,-3705283.3895219625,
6351,144302.96837283758,-3703031.7300964845,
6352,127828.95663487015,-3684271.3186812126,
6357,144208.55272247863,-3709235.8153110133,
6359,148549.4605757067,-3704317.382090869,
6360,144026.86835884242,-3699951.0862551834,
6361,144217.93810124675,-3692849.4416023814,
6362,148133.08761978152,-3702372.254317389,
6363,137481.84752603513,-3705178.4053487023,
6365,128882.83180521244,-3685707.4375267434,
6368,145057.74008105288,-3705141.2420094134,
6369,132058.32574785012,-3680867.140122557,
6370,149537.2585145942,-3708007.492369259,
6372,146955.56500090333,-3703653.8475222667,
6373,151393.09022348648,-3695073.5935906945,
6374,145764.4332539825,-3702362.7092937925,
6375,143145.71573515164,-3699531.6206495995,
6376,127585.62303150416,-3691040.8023683494,
6377,148425.34247269802,-3697748.894603215,
6378,135725.884738644,-3688983.0160274273,
6381,135726.6561007896,-3688605.9854228757,
6384,152138.63219528753,-3707720.7102580746,
6385,146588.56649806068,-3702472.4170599515,
6391,128342.03547917072,-3689772.7348863883,
6397,140703.17203599442,-3691770.515596801,
6399,129698.20233739178,-3684869.94870863,
6400,150866.1699898742,-3697798.305180821,
6402,146058.12485432613,-3695203.1922416207,
6405,148063.62527035485,-3702319.5697293086,
6408,140248.88016285462,-3704276.8967750715,
6409,128882.33612711604,-3683030.455189497,
6411,150254.0441509449,-3689927.981555683,
6413,146655.37789656973,-3701371.4625327997,
6414,148233.72116653994,-3702254.6707104207,
6416,147223.96603135124,-3704829.805351693,
6417,144510.18843886015,-3704853.680749522,
6420,149075.11682842026,-3703979.5377031183,
6423,140035.26129867806,-3665268.886124568,
6424,140519.6645451631,-3694686.2223199327,
6426,144653.89989657234,-3701726.188160244,
6427,147153.92324447565,-3703393.583345478,
6430,145016.3600736674,-3695778.854691959,
6432,141452.06268660392,-3705444.9721186245,
6434,130285.4398463015,-3689226.6954978835,
6436,141654.0975403933,-3692961.7854881976,
6437,141590.73843320465,-3693589.3366031083,
6440,141552.68592549226,-3693106.597857909,
6441,141566.7123318598,-3693066.459846344,
6442,140245.15520623303,-3693657.6437037485,
6445,141910.13012487363,-3692772.0023417394,
6446,142571.65315033193,-3693141.3989651185,
6448,129493.33333143225,-3691126.787392585,
6449,147904.686023128,-3690082.5807704427,
6450,137816.98073646054,-3695445.8895104537,
6453,145568.75905571922,-3696326.0747585553,
6455,146435.1952820256,-3704737.3541597184,
6457,127121.73104928719,-3680724.0605894327,
6458,149217.28297255814,-3704486.570419609,
6460,128695.57382671963,-3690771.0309640365,
6461,148685.39861893584,-3705071.875521161,
6465,151545.63909920817,-3694407.9821577584,
6466,146060.27723463622,-3702571.2877443214,
6467,146753.00353440686,-3706567.9375434928,
6469,140798.79290976265,-3704454.3810663787,
6470,154571.18352063498,-3710388.524015599,
6471,145850.2827932779,-3702413.5827505626,
6473,138135.05685738818,-3707397.622201472,
6475,142127.76910583818,-3707666.295791435,
6479,141831.3599424585,-3707812.6188260266,
6481,148879.89175954874,-3694251.4867323563,
6486,128748.53626432488,-3681785.067671589,
6487,130072.82169994593,-3686576.2587978267,
6489,140425.31055152664,-3704338.775434169,
6490,148423.0130002606,-3690515.779446426,
6491,142685.25989196493,-3701708.540050333,
6492,142587.87403455234,-3701913.618825381,
6493,143274.44153172008,-3702292.4155797637,
6494,149977.10009505102,-3705739.2052532425,
6496,129876.44825226895,-3689146.328590668,
6497,148285.29609349056,-3698594.992663166,
6500,130286.92582132497,-3684979.7620378006,
6501,153247.9188265347,-3687983.2360632485,
6502,140636.69796725624,-3697939.498477116,
6503,130230.9593900756,-3683329.971923124,
6506,129551.87129229007,-3688633.4924930935,
6507,147238.80025531046,-3700643.016033365,
6509,151081.64825318116,-3694737.8264673688,
6510,144801.276819544,-3695379.4417182286,
6511,145819.02069330183,-3695334.5681511723,
6513,147996.3233458898,-3699618.149400925,
6514,148969.19754153298,-3688149.4181746426,
6515,153035.8069774911,-3708127.1243472663,
6517,148500.40653270294,-3700352.745178888,
6518,145905.95652078735,-3697811.64098705,
6519,147173.7262402155,-3703625.2523482405,
6521,151166.94341354773,-3708791.2257920485,
6525,138430.92414763907,-3697097.9831730607,
6526,144772.95856489954,-3697968.880844176,
6527,150963.40167633427,-3707761.738371158,
6528,140745.3999632597,-3693625.643633236,
6532,130391.22261676927,-3690304.986159463,
6534,143821.21998618363,-3703956.0992912697,
6535,139798.43045198638,-3703563.7156386655,
6537,130675.55209283192,-3683224.7760382104,
6539,148339.66810962313,-3689590.938525905,
6541,147318.46820453694,-3688240.139908177,
6542,143401.53600143973,-3710475.9202827653,
6544,147985.64849874648,-3705985.1017977586,
6546,147986.3747397492,-3686359.187051256,
6547,138970.57938506955,-3694122.7383372094,
6548,150933.80094598487,-3706454.6466702586,
6549,132085.8490676312,-3681058.4663294908,
6554,147190.99590330108,-3702849.3472538562,
6562,146848.2864674528,-3702669.1179501703,
6563,144068.58900045347,-3710346.2080637743,
6564,148289.64002697953,-3699496.5138772256,
6566,146066.44384734612,-3705983.3895895565,
6569,148660.76843846572,-3688378.880933115,
6572,140913.37659755535,-3696147.0553895496,
6573,147647.01249280968,-3698576.07386625,
6574,146529.85281283656,-3697026.269282339,
6577,137102.10747780214,-3694909.27721967,
6579,139171.57962987287,-3703990.781335162,
6581,146721.10197022112,-3704827.1815027944,
6582,147538.17615828858,-3699997.3712958847,
6583,147620.26002062688,-3687234.5952088973,
6584,146995.79172505208,-3687508.3546512453,
6585,147375.1340044185,-3686170.0089605562,
6587,147418.26673398542,-3689502.2668267153,
6596,149318.11525833528,-3691323.4854855663,
6601,151837.24414962373,-3708870.629268979,
6604,144384.75803558386,-3707669.2695433227,
6609,144330.06269973447,-3701809.5846172096,
6610,140966.18470663432,-3704484.6028574165,
6611,149407.73959409742,-3707172.7814440383,
6612,148947.03774600103,-3706514.598683679,
6614,144574.15450148997,-3702338.057809122,
6616,148088.77865791204,-3704775.306029412,
6617,148221.17718858164,-3704617.597086859,
6618,149577.38321897615,-3703822.9890395994,
6621,154743.81119739352,-3709798.0536349667,
6622,139761.8946280487,-3704003.780513058,
6623,138326.34245299196,-3704610.722224637,
6625,148712.7060194991,-3699512.500728729,
6626,131246.55100360583,-3684787.2414897163,
6627,137521.37005636637,-3704875.3399426662,
6629,147420.29052309148,-3703151.6587329856,
6630,144563.24282987777,-3693032.65060981,
6631,129645.88933592915,-3691281.3568171514,
6633,147177.24996946455,-3703617.8986537494,
6635,130961.7101937152,-3683817.3677776386,
6638,144488.2023364236,-3708586.9324324275,
6639,149422.3915841136,-3705218.4859141023,
6640,139271.11679387398,-3694728.105362997,
6642,143532.6502387301,-3707753.291270136,
6647,148842.31191141423,-3703608.7333585415,
6649,145537.20562157634,-3696239.6111815055,
6650,149203.51380059723,-3700550.946818221,
6651,143333.44645950265,-3693687.706020263,
6653,144689.24765338184,-3692805.896200343,
6655,141003.14719465855,-3696721.1761186644,
6656,148555.2752539408,-3687318.9163491083,
6659,130536.28870099386,-3682583.116140547,
6662,150950.70634596943,-3694495.5034716097,
6663,146905.69322761826,-3705320.6506822817,
6664,127671.96384462625,-3685075.7859532256,
6666,141241.1108965008,-3695489.9154012343,
6667,127899.10862197167,-3682368.0364892716,
6668,130938.32513076333,-3681298.480033325,
6669,145242.06757713962,-3699929.611433036,
6673,137290.51839998603,-3703719.3220733744,
6675,147482.06135798953,-3701738.647888415,
6676,149958.81175367231,-3706421.7862737835,
6679,147620.35586624074,-3705566.001294263,
6681,147886.4851763942,-3688689.037557796,
6682,146617.4521349657,-3695648.1050969516,
6683,142564.18910249148,-3701895.693432933,
6684,148545.01163943368,-3706427.668219174,
6686,139954.8645858409,-3697802.8172792736,
6688,140361.97533961592,-3704536.839153472,
6689,146682.0122670987,-3699042.1713099675,
6691,149376.42579934295,-3689853.15540543,
6692,128578.60902436484,-3682571.4449781086,
6695,148334.0231111438,-3705671.662723698,
6697,131901.01390951395,-3680820.4523135866,
6698,143541.82239108902,-3715181.737328872,
6700,149770.37397993292,-3689099.1898143673,
6701,149088.23444249027,-3703258.444537966,
6703,147460.02623030575,-3696809.312696999,
6707,137561.32207027773,-3706846.784333668,
6708,144603.08678898026,-3704040.253536875,
6714,147761.9506258368,-3701799.73808096,
6715,144092.56149646413,-3710149.179352709,
6716,146927.80226105865,-3697612.9244351625,
6719,132255.4213210765,-3680865.8761272016,
6721,152998.34775212503,-3687714.4678030643,
6728,145404.91447623132,-3697495.8265636545,
6729,143757.55775057554,-3701404.976145843,
6730,118364.82607688665,-3699478.364329111,
6732,149115.69839192866,-3707128.7342705536,
6733,146195.27344780992,-3703656.1027563615,
6735,145192.8411300712,-3699893.5069730487,
6736,144648.77855530698,-3701727.0127665917,
6737,147283.76680434457,-3703488.239425265,
6739,143239.76839737743,-3705199.277462524,
6741,150088.5411912957,-3698953.726794073,
6744,138184.69335331695,-3694836.1211684574,
6745,131816.11284887057,-3683818.470515705,
6746,131863.1276399242,-3683871.076393984,
6749,155605.20728585563,-3709793.694319253,
6750,154355.44934379568,-3708813.401124262,
6751,154972.9666653068,-3709075.513399431,
6752,154298.08330192615,-3709123.014073461,
6753,141872.57483836458,-3705148.3810556084,
6754,128281.73933680973,-3691312.4398062895,
6758,148998.1483955097,-3696077.7410005718,
6770,139172.46614952886,-3707569.415629529,
6772,137102.46081760307,-3696280.4088940336,
6773,129870.25268465785,-3689706.89793839,
6774,150725.24740164354,-3694780.1768719475,
6775,129780.7858003297,-3690450.8687133254,
6776,148502.5750342906,-3701319.4314624495,
6780,140294.08847794423,-3698234.841280676,
6781,153125.8403897131,-3691217.564370537,
6783,149816.74977573665,-3690586.5686681163,
6785,129074.50359732617,-3691022.392381576,
6786,155066.02451354067,-3711166.5538276937,
6791,129348.64549181133,-3685016.552866723,
6794,148285.32579892647,-3702332.3121197126,
6795,147173.91132490203,-3690317.4248380256,
6796,147693.7768520648,-3690843.5678206086,
6797,136084.99196671948,-3686925.299361837,
6798,155154.5571205051,-3710253.738438302,
6800,149857.12974952272,-3698616.7606345527,
6803,139094.0470453767,-3704307.338221824,
6804,142108.4966146348,-3707670.0526532508,
6805,142119.67739430023,-3703369.9801061414,
6808,141697.9469025727,-3704635.4525337922,
6810,144509.97078735763,-3694877.932671357,
6812,139504.55888704667,-3707698.6461193534,
6816,149799.15729726857,-3708250.0506587257,
6817,149915.75842330424,-3707973.6665543243,
6818,149469.37475963382,-3707855.5065015443,
6822,132242.0284035084,-3686724.0759487473,
6825,139785.58793916003,-3705826.00679469,
6826,151066.67307239707,-3707413.5810857676,
6827,145197.2247630127,-3708639.0585163385,
6829,147685.8748381759,-3709515.284094819,
6830,144488.62036472952,-3708582.8541652407,
6834,143624.7536527747,-3709193.8797309524,
6835,147754.46691663764,-3706504.7377252234,
6837,151731.5132355434,-3694340.543441459,
6838,144566.03022095922,-3693041.0724312533,
6842,149736.49048061384,-3706853.5310893646,
6843,146162.2095242861,-3706066.4896096108,
6845,150791.69499501312,-3706544.4444883317,
6846,119605.68883766551,-3694762.684314958,
6847,144502.74230220736,-3704936.3679093975,
6848,139783.47918806193,-3696877.2415650464,
6849,144256.27630781554,-3704408.5657804334,
6850,153345.9595553729,-3709997.4729891196,
6853,131123.2957460171,-3682751.7005326306,
6856,144548.80232615455,-3706235.7270625103,
6858,147829.29098619765,-3701899.304868127,
6859,146161.9417853726,-3706517.192130973,
6861,146508.63360237717,-3701176.504525638,
6862,146148.0646845681,-3701412.4090814376,
6863,145326.52865480862,-3695311.0393252345,
6869,153500.74491284895,-3709741.016621959,
6871,148612.0471268605,-3706653.694904551,
6873,147354.23981559603,-3708237.968868022,
6874,150382.10366474706,-3710043.204234665,
7,141442.90625655116,-3690244.1539618983,
7014,129190.61994132846,-3692144.6658783825,
7031,130480.94108790466,-3705001.738036797,
7036,139140.61595374128,-3712529.8373854286,
7040,140910.40188128897,-3708343.7484375243,
7042,142282.89639156807,-3709274.5413648095,
7045,140134.37302716254,-3695294.077232346,
7047,148365.19175277778,-3695313.5022741267,
7048,145631.32839191516,-3693302.0745284236,
7053,147624.55788197633,-3690796.2837538505,
7059,147620.79773089092,-3687236.3680562833,
8,136596.83909469185,-3688191.67591427,
8001,144266.12767827607,-3708665.5136497845,
8002,146593.8253294943,-3704857.053595403,
8003,146055.77844580243,-3704141.0986332507,
8004,138951.9327079997,-3696030.728292621,
8007,148699.07088595402,-3699597.221884898,
8008,145225.67743819224,-3701264.628555076,
8009,148235.09176607916,-3702248.726706626,
8012,152294.4516270842,-3694595.555562988,
8013,147619.9783401791,-3687234.8127616025,
8014,144275.15003446725,-3709644.5352797043,
8015,145561.32064671084,-3696334.1581167425,
8016,146000.20331225783,-3705151.057803839,
8017,147966.596680635,-3699026.172431107,
8019,142452.28910068035,-3708252.0509927254,
8020,131708.25814294067,-3681642.792418402,
8024,148770.67006474797,-3690816.3889390407,
8025,128844.83639888023,-3691535.9551527323,
8027,136990.29160955356,-3696447.0949317,
8029,149369.15774517218,-3689846.2248081546,
8030,164205.6492825905,-3683532.774568382,
8032,132173.06905087532,-3686680.0769654904,
8035,132010.03479271784,-3683795.7490315917,
8036,145425.49067951198,-3702929.6500739,
8037,142441.41255969674,-3699609.4616150013,
8038,151652.1956445933,-3695499.9229071205,
8039,145268.81070149143,-3697031.5378433014,
8043,148196.64406005893,-3689091.1140132127,
8046,139525.20824958466,-3695250.168446075,
8047,139272.0793130801,-3694725.1353729856,
8048,148502.05231738513,-3700386.870596147,
8049,148766.3534662267,-3701550.10939316,
8053,146573.89313829527,-3704853.0710006277,
8055,146446.86795084132,-3705207.413018194,
8056,146794.06760368048,-3704945.7826373507,
8057,149595.29027902157,-3707167.0458293883,
8059,142248.9690815546,-3698822.8446978396,
8063,128560.65848649832,-3682680.471680051,
8064,147894.88601080095,-3700249.9797840724,
8065,128636.72968652344,-3682530.9556045816,
8067,128415.48962742483,-3683303.219239044,
8068,135672.98637670942,-3703581.959171207,
8072,148936.05244859422,-3706405.6559886,
8074,144501.36572995482,-3704861.4160289755,
8078,128793.56292900143,-3685562.9935019608,
8079,139940.89653691128,-3665297.5651842416,
8080,139892.89496392265,-3693409.677600147,
8082,143742.20927589087,-3693974.05039197,
8085,148196.10976260496,-3688522.7260949775,
8086,145847.9063474635,-3702418.190972964,
8087,140156.93015217892,-3706796.287758229,
8088,128619.4813713239,-3690633.2532479996,
8090,148430.56165606086,-3690530.551310643,
8091,142441.3160065741,-3701978.747462183,
8092,143423.1467021271,-3702325.2194222435,
8098,129562.77166374066,-3688650.275006502,
8099,146609.94091221888,-3698851.044197842,
8100,147177.61396469278,-3703618.565074655,
8101,144522.7077320716,-3706503.711140289,
8102,128927.36545217685,-3691918.5478115133,
8106,144500.2407642762,-3704862.2861198843,
8107,146534.21082245,-3697011.196818021,
8108,147870.1284629468,-3698856.0568319657,
8109,147466.50132991347,-3700157.798694494,
8110,149157.65505584097,-3702483.587210513,
8111,144566.00943957048,-3702343.2627826645,
8113,137737.8055309698,-3703640.291379843,
8117,143756.04893550178,-3710345.751644121,
8118,148596.71272391928,-3706178.089416775,
8121,148776.74732597522,-3687492.7568596997,
8123,145564.44323258678,-3702620.5550327594,
8124,149733.466542259,-3689080.979157001,
8125,148884.9318024465,-3707935.2624891386,
8126,149929.96776755896,-3707981.89036253,
8129,147698.13051622486,-3685794.5902891783,
8131,149013.7858355014,-3707080.855871219,
8133,143329.80013314835,-3699340.2053238493,
8134,151915.38658119744,-3708628.5682987683,
8135,131767.4171269636,-3683892.0573452795,
8138,141761.55338945682,-3705221.74456258,
8139,149198.01975677253,-3693430.243125129,
8141,149212.23793252683,-3702252.009509583,
8143,155070.55749113357,-3711160.4298624108,
8144,139782.66906593693,-3705829.5061374074,
8147,141929.82411494796,-3703061.918002916,
8148,130385.46804339135,-3685416.4742316524,
8149,146843.23841426536,-3704502.8010486104,
8150,149883.751458797,-3698338.361747384,
8151,147242.7008002701,-3702950.713573779,
8152,148595.63515869653,-3700063.23852236,
8153,130756.18907836635,-3681466.110217879,
8155,149652.13575418116,-3705569.0540696024,
8156,146277.4545908038,-3705281.8292973647,
8157,140718.21170376515,-3706064.5383670065,
8158,149816.7771144411,-3690584.2505165217,
8159,148436.350770984,-3697586.6491280925,
8160,145212.60524083648,-3708642.5451315246,
8161,131852.65303305996,-3683875.9366224036,
8162,148546.77371446718,-3701815.6318225623,
8163,145498.40607503234,-3702835.7896858617,
8164,145554.13122031288,-3700310.231020676,
8165,145262.1453436431,-3696955.8478608974,
8170,133762.6254009777,-3702807.437625264,
8171,143271.1687196454,-3699403.6731332135,
8172,148435.13838532986,-3697586.966105302,
8174,134775.67970041136,-3700508.100372594,
8175,129694.5986182395,-3684876.5369433765,
8176,138806.06374095601,-3704248.7823383138,
8177,135686.99656872352,-3691169.1344503015,
8178,147106.78474552077,-3703459.5882133795,
8180,148556.37531986917,-3705076.103188264,
8181,142614.3648122789,-3701855.530261724,
8182,153251.23738946716,-3687985.815546836,
8185,139844.05356224603,-3703522.0585526833,
8186,148343.87082086885,-3689589.552318774,
8189,147533.2897775146,-3689948.0950055234,
8192,144624.04948236232,-3702322.9537459495,
8193,154778.53110228397,-3709761.6203125436,
8194,145538.3699876895,-3696243.4880771246,
8195,135685.13368839322,-3703201.9894184736,
8197,136877.97685407047,-3703489.610143583,
8199,148610.35492443666,-3704243.5987738334,
8201,149138.95449795428,-3694206.946861088,
8203,148869.33424678084,-3695715.2595628523,
8204,151917.01710518607,-3708624.2840580083,
8205,147669.0372447381,-3709461.5683310027,
8209,146129.94332658977,-3701395.9756520656,
8216,154771.27631510526,-3708955.415401996,
8233,148180.37924833864,-3702333.7352915285,
8236,151335.6760102045,-3707261.7360790293,
8238,147822.63001474328,-3704425.8808930796,
8240,148910.43319521105,-3704915.150339243,
8241,141610.0742423602,-3697792.6923937085,
8243,141692.74509143663,-3698682.4028761075,
9,132025.72079771198,-3686308.3316731467,
9000,146310.61994274106,-3695814.785446648,
